<?xml version="1.0" encoding="UTF-8"?>
<!-- Produced by Beyond Compare 4 from Scooter Software -->
<BCSessions Version="1" MinVersion="1">
	<TSessionFolder>
		<Items>
			<TSessionFolder>
				<Items>
					<TDirCompareSession Value="core">
						<Filters>
							<NameFilter Value="-.\[[]canvas]-qixi\"/>
						</Filters>
						<LastModified Value="2018-02-02 13:44:09"/>
						<Specs>
							<Left Value="profile:femember@10.100.19.229?/data/svn/v1/core"/>
							<Right Value="E:\H5\trunk\v1\core"/>
						</Specs>
						<State>
							<SortDown Value="True"/>
						</State>
					</TDirCompareSession>
					<TDirCompareSession Value="v1">
						<Filters>
							<NameFilter Value="-.\[[]canvas]-qixi\"/>
						</Filters>
						<LastModified Value="2018-02-02 09:48:37"/>
						<Specs>
							<Left Value="profile:femember@10.100.19.229?/data/svn/v1"/>
							<Right Value="E:\H5\trunk\v1"/>
						</Specs>
						<State>
							<SortDown Value="True"/>
						</State>
					</TDirCompareSession>
					<TDirCompareSession Value="sites">
						<Filters>
							<NameFilter Value="-.\[[]canvas]-qixi\"/>
						</Filters>
						<LastModified Value="2018-01-24 14:33:56"/>
						<Specs>
							<Left Value="profile:femember@10.100.19.229?/data/svn/v1/sites"/>
							<Right Value="E:\H5\trunk\v1\sites"/>
						</Specs>
						<State>
							<SortDown Value="True"/>
						</State>
					</TDirCompareSession>
					<TTextCompareSession Value="h5common2.js &lt;--> h5common.v2.js">
						<LastModified Value="2018-01-24 14:33:51"/>
						<Specs>
							<Left Value="E:\H5\trunk\v1\core\static\js\h5common2.js"/>
							<Right Value="E:\H5\trunk\v1\core\static\js\h5common.v2.js"/>
						</Specs>
					</TTextCompareSession>
					<TDirCompareSession Value="新手1288元红包活动-刮刮乐">
						<LastModified Value="2018-01-18 17:16:52"/>
						<Specs>
							<Left Value="D:\恒昌财富\恒昌财富\过程库\3.界面设计阶段\前端\新手1288元红包活动-刮刮乐"/>
						</Specs>
						<State>
							<SortDown Value="True"/>
						</State>
					</TDirCompareSession>
					<TDirCompareSession Value="1288 &lt;--> 新手1288元红包活动-刮刮乐">
						<Filters>
							<NameFilter Value="-.\[[]canvas]-qixi\"/>
						</Filters>
						<LastModified Value="2018-01-18 14:23:18"/>
						<Specs>
							<Left Value="profile:femember@10.100.19.229?/data/svn/v1/sites/1288"/>
							<Right Value="D:\恒昌财富\恒昌财富\过程库\3.界面设计阶段\前端\新手1288元红包活动-刮刮乐"/>
						</Specs>
						<State>
							<SortDown Value="True"/>
						</State>
					</TDirCompareSession>
					<TDirCompareSession Value="1288 &lt;--> 前端">
						<LastModified Value="2018-01-16 14:25:17"/>
						<Specs>
							<Left Value="profile:femember@10.100.19.229?/data/svn/v1/sites/1288"/>
							<Right Value="D:\恒昌财富\恒昌财富\过程库\3.界面设计阶段\前端"/>
						</Specs>
						<State>
							<SortDown Value="True"/>
						</State>
					</TDirCompareSession>
					<TDirCompareSession Value="static">
						<LastModified Value="2018-01-15 18:54:38"/>
						<Specs>
							<Left Value="profile:femember@10.100.19.229?/data/svn/v1/core/static"/>
							<Right Value="E:\H5\trunk\v1\core\static"/>
						</Specs>
						<State>
							<SortDown Value="True"/>
						</State>
					</TDirCompareSession>
					<TTextCompareSession Value="base.css">
						<LastModified Value="2018-01-13 20:56:28"/>
						<Specs>
							<Left Value="E:\www\h5events\new1288\css\base.css"/>
							<Right Value="E:\www\h5events\new12882\css\base.css"/>
						</Specs>
					</TTextCompareSession>
					<TDirCompareSession Value="svn &lt;--> trunk">
						<LastModified Value="2018-01-12 21:42:19"/>
						<Specs>
							<Left Value="profile:femember@10.100.19.229?/data/svn"/>
							<Right Value="E:\H5\trunk"/>
						</Specs>
						<State>
							<SortDown Value="True"/>
						</State>
					</TDirCompareSession>
					<TDirCompareSession Value="caifu">
						<LastModified Value="2017-11-29 11:55:09"/>
						<Specs>
							<Right Value="E:\H5\trunk\v1\caifu"/>
						</Specs>
						<State>
							<SortDown Value="True"/>
						</State>
					</TDirCompareSession>
					<TDirCompareSession Value="caifu">
						<LastModified Value="2017-11-29 11:54:46"/>
						<Specs>
							<Left Value="profile:femember@10.100.19.229?/data/svn/v1/caifu"/>
							<Right Value="E:\H5\trunk\v1\caifu"/>
						</Specs>
						<State>
							<SortDown Value="True"/>
						</State>
					</TDirCompareSession>
					<TTextCompareSession Value="uatPayAction.class.php &lt;--> PayAction.class.php">
						<Formats>
							<Left Value=""/>
							<Right Value=""/>
						</Formats>
						<LastModified Value="2017-11-29 11:54:38"/>
						<Specs>
							<Left Value="C:\Documents and Settings\Administrator\桌面\uatPayAction.class.php"/>
							<Right Value="C:\Documents and Settings\Administrator\桌面\PayAction.class.php"/>
						</Specs>
						<State>
							<DisplayFilter Value="[showLeftMod, showRightMod, showDiffMod]"/>
						</State>
					</TTextCompareSession>
					<TTextCompareSession Value="PayAction.class.php &lt;--> PayAction.class111.php">
						<Formats>
							<Left Value=""/>
							<Right Value=""/>
						</Formats>
						<LastModified Value="2015-08-10 14:33:31"/>
						<Specs>
							<Left Value="C:\Documents and Settings\Administrator\桌面\PayAction.class.php"/>
							<Right Value="C:\Documents and Settings\Administrator\桌面\PayAction.class111.php"/>
						</Specs>
						<State>
							<DisplayFilter Value="[showLeftMod, showRightMod, showDiffMod]"/>
						</State>
					</TTextCompareSession>
					<TTextCompareSession Value="zawstats.mayi121.com.conf &lt;--> awstats.mayi121.conf">
						<Formats>
							<Left Value=""/>
							<Right Value=""/>
						</Formats>
						<LastModified Value="2015-08-07 19:51:03"/>
						<Specs>
							<Left Value="C:\Documents and Settings\Administrator\桌面\zawstats.mayi121.com.conf"/>
							<Right Value="C:\Documents and Settings\Administrator\桌面\awstats.mayi121.conf"/>
						</Specs>
						<State>
							<DisplayFilter Value="[showLeftMod, showRightMod, showDiffMod]"/>
						</State>
					</TTextCompareSession>
					<TTextCompareSession Value="zawstats.mayi121.com.conf &lt;--> awstats.mayi.conf">
						<Formats>
							<Left Value=""/>
						</Formats>
						<LastModified Value="2015-08-07 15:25:26"/>
						<Specs>
							<Left Value="C:\Documents and Settings\Administrator\桌面\zawstats.mayi121.com.conf"/>
							<Right Value="C:\Documents and Settings\Administrator\桌面\awstats.mayi.conf"/>
						</Specs>
						<State>
							<DisplayFilter Value="[showNoMod]"/>
						</State>
					</TTextCompareSession>
					<TTextCompareSession Value="zawstats.mayi121.com.conf">
						<LastModified Value="2015-08-07 15:22:51"/>
						<Specs>
							<Left Value="C:\Documents and Settings\Administrator\桌面\zawstats.mayi121.com.conf"/>
						</Specs>
						<State>
							<DisplayFilter Value="[showNoMod]"/>
						</State>
					</TTextCompareSession>
					<TTextCompareSession Value="httpd.conf &lt;--> zhttpd.conf">
						<CodePageOverride>
							<Left Value="0"/>
							<Right Value="0"/>
						</CodePageOverride>
						<Formats>
							<Right Value="&#2;SQL"/>
						</Formats>
						<LastModified Value="2015-08-07 15:22:26"/>
						<Specs>
							<Left Value="C:\Documents and Settings\Administrator\桌面\httpd.conf"/>
							<Right Value="C:\Documents and Settings\Administrator\桌面\zhttpd.conf"/>
						</Specs>
					</TTextCompareSession>
					<TTextCompareSession Value="mayibailing.sql &lt;--> mayig.sql">
						<LastModified Value="2015-08-07 14:59:23"/>
						<Specs>
							<Left Value="C:\Documents and Settings\Administrator\桌面\mayibailing.sql"/>
							<Right Value="C:\Documents and Settings\Administrator\桌面\mayig.sql"/>
						</Specs>
					</TTextCompareSession>
					<TTextCompareSession Value="style.css &lt;--> styleliu.css">
						<LastModified Value="2015-08-04 17:16:09"/>
						<Specs>
							<Left Value="C:\Documents and Settings\Administrator\桌面\style.css"/>
							<Right Value="C:\Documents and Settings\Administrator\桌面\styleliu.css"/>
						</Specs>
					</TTextCompareSession>
					<TTextCompareSession Value="Withdraw.php &lt;--> WithdrawAction.class.php">
						<CodePageOverride>
							<Left Value="65001"/>
						</CodePageOverride>
						<LastModified Value="2015-05-28 18:27:38"/>
						<Specs>
							<Left Value="C:\Documents and Settings\Administrator\桌面\Withdraw.php"/>
							<Right Value="C:\Documents and Settings\Administrator\桌面\WithdrawAction.class.php"/>
						</Specs>
					</TTextCompareSession>
					<TTextCompareSession Value="detailliu.html &lt;--> detail.html">
						<LastModified Value="2015-05-28 16:40:22"/>
						<Specs>
							<Left Value="C:\Documents and Settings\Administrator\桌面\detailliu.html"/>
							<Right Value="C:\Documents and Settings\Administrator\桌面\detail.html"/>
						</Specs>
					</TTextCompareSession>
					<TTextCompareSession Value="shop_show.html &lt;--> detail.html">
						<LastModified Value="2015-05-28 13:24:12"/>
						<Specs>
							<Left Value="C:\Documents and Settings\Administrator\桌面\shop_show.html"/>
							<Right Value="C:\Documents and Settings\Administrator\桌面\detail.html"/>
						</Specs>
					</TTextCompareSession>
					<TTextCompareSession Value="ind.html &lt;--> Lib.php">
						<LastModified Value="2015-05-28 13:09:24"/>
						<Specs>
							<Left Value="C:\Documents and Settings\Administrator\桌面\ad\ind.html"/>
							<Right Value="C:\Documents and Settings\Administrator\桌面\对比\Lib.php"/>
						</Specs>
					</TTextCompareSession>
					<TTextCompareSession Value="ind.html &lt;--> index.html">
						<LastModified Value="2015-05-22 12:28:06"/>
						<Specs>
							<Left Value="C:\Documents and Settings\Administrator\桌面\ad\ind.html"/>
							<Right Value="C:\Documents and Settings\Administrator\桌面\ad\index.html"/>
						</Specs>
					</TTextCompareSession>
					<TTextCompareSession Value="ThinkPHP.php &lt;--> Core.de.php">
						<LastModified Value="2015-05-08 16:49:50"/>
						<Specs>
							<Left Value="C:\Documents and Settings\Administrator\桌面\ThinkPHP.php"/>
							<Right Value="C:\Documents and Settings\Administrator\桌面\Core.de.php"/>
						</Specs>
					</TTextCompareSession>
					<TTextCompareSession Value="InvestAction.class.php &lt;--> TInvestAction.class.php">
						<LastModified Value="2015-05-08 10:56:37"/>
						<Specs>
							<Left Value="C:\Documents and Settings\Administrator\桌面\对比\InvestAction.class.php"/>
							<Right Value="C:\Documents and Settings\Administrator\桌面\对比\TInvestAction.class.php"/>
						</Specs>
					</TTextCompareSession>
					<TTextCompareSession Value="Core.php">
						<LastModified Value="2015-04-30 17:58:10"/>
						<Specs>
							<Left Value="C:\Documents and Settings\Administrator\桌面\Core.php"/>
						</Specs>
					</TTextCompareSession>
					<TTextCompareSession Value="my-5_0.ini &lt;--> my.ini">
						<LastModified Value="2015-04-23 17:00:49"/>
						<Specs>
							<Left Value="D:\Program Files\PHPnow-1.5.6\Pn\conf.default\my-5_0.ini"/>
							<Right Value="D:\Program Files\PHPnow-1.5.6\Pn\conf.default\my.ini"/>
						</Specs>
					</TTextCompareSession>
					<TTextCompareSession Value="IndexAction.php &lt;--> IndexAction.class.php">
						<LastModified Value="2015-04-23 12:48:58"/>
						<Specs>
							<Left Value="C:\Documents and Settings\Administrator\桌面\IndexAction.php"/>
							<Right Value="C:\Documents and Settings\Administrator\桌面\IndexAction.class.php"/>
						</Specs>
					</TTextCompareSession>
					<TTextCompareSession Value="testindex.html &lt;--> index.html">
						<CodePageOverride>
							<Left Value="65001"/>
							<Right Value="65001"/>
						</CodePageOverride>
						<LastModified Value="2015-04-23 11:05:56"/>
						<Specs>
							<Left Value="C:\Documents and Settings\Administrator\桌面\testindex.html"/>
							<Right Value="C:\Documents and Settings\Administrator\桌面\index.html"/>
						</Specs>
					</TTextCompareSession>
				</Items>
			</TSessionFolder>
			<TDirCompareSession>
				<State>
					<SortDown Value="True"/>
				</State>
			</TDirCompareSession>
		</Items>
	</TSessionFolder>
</BCSessions>
