<?xml version="1.0" encoding="UTF-8"?>
<!-- Produced by Beyond Compare 4 from Scooter Software -->
<BCState Version="1" MinVersion="1">
	<TBcState>
		<BrowseUseProfile Value="False"/>
		<FirstStartup Value="False"/>
		<FormPositions>
			<TOpCompareResultsDialog Value="778;342;1142;697"/>
			<TProfileBrowseDialog Value="660;228;1259;811"/>
			<TProfileFileOpenDialog Value="487;191;952;678"/>
			<TSessionSaveAsDialog Value="522;286;917;581"/>
			<TViewFrame Value="75;53;873;606;3"/>
		</FormPositions>
	</TBcState>
	<TDirCompareState>
		<LeftMRUSpecs>
			<_0 Value="profile:femember@10.100.19.229?/data/svn/v1/core"/>
			<_1 Value="profile:femember@10.100.19.229?/data/svn/v1"/>
			<_2 Value="profile:femember@10.100.19.229?/data/svn/v1/sites"/>
			<_3 Value="D:\恒昌财富\恒昌财富\过程库\3.界面设计阶段\前端\新手1288元红包活动-刮刮乐"/>
			<_4 Value="profile:femember@10.100.19.229?/data/svn/v1/sites/1288"/>
			<_5 Value="profile:femember@10.100.19.229?/data/svn/v1/core/static"/>
			<_6 Value="profile:femember@10.100.19.229?/data/svn/v1/core/static/js"/>
			<_7 Value="profile:femember@10.100.19.229?/data/svn"/>
			<_8 Value="profile:femember@10.100.19.229?/"/>
		</LeftMRUSpecs>
		<LogHeight Value="0"/>
		<MRUFilters>
			<_0 Value="-.\[[]canvas]-qixi\"/>
		</MRUFilters>
		<RightMRUSpecs>
			<_0 Value="E:\H5\trunk\v1\core"/>
			<_1 Value="E:\H5\trunk"/>
			<_2 Value="E:\H5\trunk\v1"/>
			<_3 Value="E:\H5\trunk\v1\sites"/>
			<_4 Value="D:\恒昌财富\恒昌财富\过程库\3.界面设计阶段\前端\新手1288元红包活动-刮刮乐"/>
			<_5 Value="D:\恒昌财富\恒昌财富\过程库\3.界面设计阶段\前端"/>
			<_6 Value="E:\H5\trunk\v1\core\static"/>
			<_7 Value="E:\H5\trunk\v1\core\static\js"/>
			<_8 Value="E:\"/>
		</RightMRUSpecs>
		<ShowToolbar Value="False"/>
	</TDirCompareState>
	<THomeState>
		<NewExpanded Value="True"/>
		<SessionType Value="TDirCompareSession"/>
	</THomeState>
	<TOpCompareState>
		<Kind Value="ccRulesBased"/>
		<ShowResultsDlg Value="True"/>
	</TOpCompareState>
	<TPixCompareState>
		<LeftMRUSpecs>
			<_0 Value="profile:femember@10.100.19.229?/data/svn/v1/sites/201712ToReview2017/images/flytext/30.png"/>
			<_1 Value="profile:femember@10.100.19.229?/data/svn/v1/sites/201712ToReview2017/images/end/bg.png"/>
		</LeftMRUSpecs>
		<RightMRUSpecs>
			<_0 Value="E:\H5\trunk\v1\sites\aggregatepage\images\shareIcon.jpg"/>
			<_1 Value="E:\H5\trunk\v1\sites\201712ToReview2017\images\flytext\30.png"/>
			<_2 Value="E:\H5\trunk\v1\sites\201712ToReview2017\images\end\bg.png"/>
		</RightMRUSpecs>
	</TPixCompareState>
	<TTextCompareState>
		<LeftMRUSpecs>
			<_0 Value="profile:femember@10.100.19.229?/data/svn/v1/core/static/js/ph.share.js"/>
			<_1 Value="profile:femember@10.100.19.229?/data/svn/v1/sites/demo_puhui/unpack_files/wxshare.js"/>
			<_2 Value="profile:femember@10.100.19.229?/data/svn/v1/sites/demo_puhui/share.html"/>
			<_3 Value="profile:femember@10.100.19.229?/data/svn/v1/sites/demo_puhui/index.html"/>
			<_4 Value="profile:femember@10.100.19.229?/data/svn/v1/sites/On_line_list/index.html"/>
			<_5 Value="profile:femember@10.100.19.229?/data/svn/v1/core/static/js/statistic.1.0.js"/>
			<_6 Value="profile:femember@10.100.19.229?/data/svn/v1/core/static/js/statistic.1.0.min.js"/>
			<_7 Value="profile:femember@10.100.19.229?/data/svn/v1/sites/puhuiDemo/unpack_files/wxshare.js"/>
			<_8 Value="profile:femember@10.100.19.229?/data/svn/v1/sites/aggregatepage/js/index.js"/>
		</LeftMRUSpecs>
		<MRUFonts>
			<_0 Value="Consolas;10"/>
			<_1 Value="Courier New;9"/>
		</MRUFonts>
		<RightMRUSpecs>
			<_0 Value="E:\H5\trunk\v1\core\static\js\ph.share.js"/>
			<_1 Value="E:\H5\trunk\v1\sites\demo_puhui\unpack_files\wxshare.js"/>
			<_2 Value="E:\H5\trunk\v1\sites\demo_puhui\share.html"/>
			<_3 Value="E:\H5\trunk\v1\sites\demo_puhui\index.html"/>
			<_4 Value="E:\H5\trunk\v1\sites\On_line_list\index.html"/>
			<_5 Value="E:\H5\trunk\v1\core\static\js\statistic.1.0.js"/>
			<_6 Value="E:\H5\trunk\v1\core\static\js\statistic.1.0.min.js"/>
			<_7 Value="C:\Users\lenovo\Desktop\wxshare(1).js"/>
			<_8 Value="E:\H5\trunk\v1\sites\puhuiDemo\unpack_files\wxshare.js"/>
		</RightMRUSpecs>
	</TTextCompareState>
</BCState>
